word,frequency
heeft,0.00363
tegen,0.00129
maken,0.00126
onder,0.0012
staat,0.000955
zoals,0.000933
omdat,0.000891
komen,0.000891
leven,0.000891
waren,0.000832
laten,0.000759
alles,0.000724
grote,0.000708
terug,0.000708
eigen,0.000646
nooit,0.000589
geven,0.000562
samen,0.000562
samen,0.000562
nodig,0.000537
vanaf,0.000537
weten,0.000537
vrouw,0.000537
staan,0.000513
beter,0.000513
zeker,0.00049
goede,0.000468
graag,0.000457
niets,0.000447
beste,0.000447
eerst,0.000437
vraag,0.000437
zelfs,0.000437
dagen,0.000437
nemen,0.000398
groot,0.000389
sinds,0.000389
bijna,0.00038
welke,0.000339
water,0.000331
klaar,0.000324
nieuw,0.000324
enige,0.000316
later,0.000309
maart,0.000309
groep,0.000309
thuis,0.000302
video,0.000275
april,0.000275
vader,0.000269
soort,0.000269
zodat,0.000263
begin,0.000263
moest,0.000263
leren,0.000257
regio,0.000257
boven,0.000251
meest,0.000245
horen,0.00024
ander,0.000234
kreeg,0.000234
naast,0.000234
hoofd,0.000229
zowel,0.000229
vroeg,0.000224
lopen,0.000219
mogen,0.000219
geval,0.000214
weken,0.000209
halen,0.000209
lange,0.000209
lezen,0.000209
zaken,0.000209
langs,0.000204
bezig,0.000204
klein,0.0002
krijg,0.0002
nadat,0.0002
maand,0.000195
noord,0.000195
delen,0.000195
recht,0.000195
wilde,0.000195
einde,0.000191
prijs,0.000191
stond,0.000191
begon,0.000191
kamer,0.000191
kamer,0.000191
juist,0.000182
reden,0.000182
media,0.000178
jonge,0.000178
dacht,0.000174
beide,0.000174
leden,0.00017
ervan,0.000166
woord,0.000166
kopen,0.000162
buurt,0.000162
ieder,0.000158
avond,0.000158
actie,0.000155
alsof,0.000148
basis,0.000148
enkel,0.000148
derde,0.000148
extra,0.000145
grond,0.000145
meter,0.000141
links,0.000141
doden,0.000141
kleur,0.000138
wonen,0.000138
beeld,0.000135
leger,0.000135
lijst,0.000135
blijf,0.000132
sterk,0.000132
licht,0.000129
prima,0.000126
vrije,0.000123
nacht,0.000123
trots,0.000123
broer,0.00012
titel,0.00012
namen,0.00012
serie,0.000115
start,0.000115
mocht,0.000115
dicht,0.000112
tekst,0.000112
witte,0.000112
sorry,0.00011
helft,0.00011
zeven,0.00011
kaart,0.000107
radio,0.000105
gezet,0.000105
keuze,0.000102
hotel,0.0001
zwart,0.0001
markt,0.0001
zomer,0.0001
lucht,9.77e-05
moord,9.55e-05
brand,9.55e-05
stelt,9.55e-05
eraan,9.55e-05
sport,9.55e-05
kunst,9.55e-05
super,9.33e-05
dames,9.33e-05
geluk,9.33e-05
waard,9.33e-05
macht,9.33e-05
feest,9.12e-05
aarde,9.12e-05
wacht,9.12e-05
stand,8.91e-05
vorig,8.91e-05
erbij,8.91e-05
peter,8.71e-05
ronde,8.71e-05
stuur,8.51e-05
kwijt,8.51e-05
hoger,8.51e-05
gezin,8.51e-05
jeugd,8.32e-05
bleef,8.32e-05
schip,8.32e-05
enorm,8.13e-05
zwaar,8.13e-05
praat,8.13e-05
zware,8.13e-05
frans,7.94e-05
brief,7.94e-05
hield,7.94e-05
hopen,7.94e-05
steun,7.76e-05
eruit,7.59e-05
slaan,7.41e-05
lieve,7.41e-05
zover,7.41e-05
trein,7.24e-05
allen,7.24e-05
frank,7.24e-05
bleek,7.08e-05
islam,6.92e-05
vaker,6.92e-05
grens,6.92e-05
wapen,6.92e-05
angst,6.76e-05
tafel,6.76e-05
wijze,6.76e-05
groen,6.61e-05
zodra,6.61e-05
model,6.61e-05
hallo,6.61e-05
halve,6.46e-05
keren,6.31e-05
reeds,6.17e-05
deden,6.17e-05
teken,6.17e-05
zulke,6.03e-05
stijl,6.03e-05
gaten,6.03e-05
erger,6.03e-05
vaste,6.03e-05
nogal,5.89e-05
krant,5.89e-05
vlees,5.89e-05
slaap,5.89e-05
bezit,5.89e-05
sluit,5.89e-05
eisen,5.89e-05
fiets,5.89e-05
album,5.75e-05
negen,5.75e-05
aldus,5.75e-05
vrede,5.75e-05
ermee,5.62e-05
regen,5.62e-05
fijne,5.5e-05
geest,5.5e-05
raken,5.37e-05
blauw,5.37e-05
storm,5.37e-05
motor,5.37e-05
inzet,5.37e-05
tonen,5.37e-05
spijt,5.37e-05
droom,5.25e-05
bloed,5.25e-05
volle,5.25e-05
goeie,5.13e-05
kapot,5.01e-05
onzin,5.01e-05
zagen,5.01e-05
ouder,5.01e-05
schat,5.01e-05
tweet,4.9e-05
adres,4.79e-05
debat,4.79e-05
bomen,4.68e-05
flink,4.68e-05
broek,4.68e-05
kader,4.57e-05
klant,4.57e-05
route,4.57e-05
paard,4.57e-05
spoor,4.47e-05
sfeer,4.47e-05
duits,4.47e-05
wegen,4.47e-05
voort,4.47e-05
thema,4.37e-05
reeks,4.37e-05
groei,4.37e-05
kwaad,4.27e-05
winst,4.27e-05
beurt,4.17e-05
duren,4.17e-05
coach,4.17e-05
datum,4.17e-05
prins,4.07e-05
brood,4.07e-05
benen,3.98e-05
leest,3.98e-05
koken,3.98e-05
boord,3.98e-05
steen,3.89e-05
talen,3.89e-05
ruzie,3.8e-05
velen,3.8e-05
haven,3.72e-05
shirt,3.72e-05
polen,3.72e-05
lager,3.72e-05
trouw,3.63e-05
straf,3.63e-05
lagen,3.63e-05
agent,3.63e-05
stoel,3.55e-05
rijke,3.55e-05
ploeg,3.55e-05
gaven,3.55e-05
regel,3.55e-05
breed,3.55e-05
forum,3.55e-05
buren,3.47e-05
optie,3.39e-05
humor,3.39e-05
visie,3.31e-05
virus,3.31e-05
chris,3.24e-05
wezen,3.24e-05
nabij,3.24e-05
komst,3.24e-05
droog,3.24e-05
vogel,3.16e-05
zicht,3.16e-05
banen,3.16e-05
smaak,3.16e-05
heden,3.16e-05
party,3.16e-05
jarig,3.16e-05
plein,3.16e-05
house,3.09e-05
henry,3.09e-05
lente,3.09e-05
lunch,3.09e-05
voren,3.09e-05
droeg,3.02e-05
steek,3.02e-05
https,3.02e-05
villa,3.02e-05
vocht,3.02e-05
drugs,3.02e-05
bevel,2.95e-05
hoezo,2.95e-05
deels,2.95e-05
roken,2.95e-05
wagen,2.95e-05
happy,2.95e-05
afval,2.88e-05
poort,2.88e-05
hemel,2.88e-05
wiens,2.88e-05
koers,2.82e-05
bodem,2.75e-05
green,2.75e-05
kerst,2.75e-05
sloot,2.75e-05
zijde,2.75e-05
plaat,2.75e-05
plant,2.69e-05
apart,2.63e-05
vloer,2.63e-05
roman,2.63e-05
bruin,2.63e-05
ofwel,2.63e-05
haast,2.63e-05
harte,2.63e-05
raden,2.63e-05
metro,2.63e-05
drama,2.57e-05
sloeg,2.57e-05
taken,2.57e-05
tante,2.57e-05
volop,2.51e-05
zacht,2.51e-05
white,2.45e-05
kruis,2.45e-05
hoorn,2.45e-05
zonde,2.4e-05
beurs,2.4e-05
uniek,2.4e-05
mijne,2.4e-05
kocht,2.4e-05
diepe,2.4e-05
trend,2.4e-05
elite,2.34e-05
beker,2.34e-05
koude,2.34e-05
domme,2.29e-05
naakt,2.29e-05
oscar,2.29e-05
front,2.29e-05
jawel,2.29e-05
amper,2.29e-05
vrees,2.24e-05
haren,2.24e-05
blind,2.24e-05
borst,2.24e-05
diner,2.19e-05
taart,2.19e-05
jacht,2.19e-05
dader,2.19e-05
pauze,2.19e-05
drank,2.19e-05
check,2.14e-05
gezag,2.14e-05
cover,2.14e-05
minst,2.14e-05
opzet,2.14e-05
tijde,2.14e-05
toren,2.14e-05
circa,2.14e-05
fruit,2.14e-05
focus,2.09e-05
massa,2.09e-05
lenen,2.09e-05
ramen,2.09e-05
chaos,2.09e-05
woede,2.04e-05
bezet,2.04e-05
boete,2.04e-05
alarm,2.04e-05
malen,2.04e-05
tempo,2.04e-05
gedoe,2e-05
graaf,2e-05
assen,2e-05
allah,1.95e-05
zocht,1.95e-05
state,1.95e-05
proef,1.95e-05
varen,1.95e-05
kwart,1.95e-05
laden,1.95e-05
vaart,1.91e-05
story,1.91e-05
grijs,1.91e-05
greep,1.91e-05
leeuw,1.91e-05
hielp,1.91e-05
leeuw,1.91e-05
costa,1.86e-05
stage,1.86e-05
score,1.86e-05
ertoe,1.86e-05
wenen,1.86e-05
draai,1.86e-05
exact,1.86e-05
besef,1.86e-05
maagd,1.82e-05
maagd,1.82e-05
droge,1.78e-05
chili,1.78e-05
heten,1.78e-05
power,1.74e-05
pizza,1.74e-05
event,1.74e-05
schot,1.7e-05
label,1.7e-05
zieke,1.7e-05
hekel,1.7e-05
schot,1.7e-05
match,1.7e-05
tocht,1.7e-05
zesde,1.7e-05
bloem,1.7e-05
liter,1.7e-05
haten,1.66e-05
porno,1.66e-05
verre,1.66e-05
gemak,1.66e-05
diens,1.66e-05
brein,1.66e-05
klote,1.62e-05
kopie,1.62e-05
kroon,1.58e-05
fonds,1.58e-05
piano,1.58e-05
delta,1.58e-05
nader,1.58e-05
draak,1.58e-05
arena,1.55e-05
huren,1.55e-05
dwars,1.55e-05
rijst,1.55e-05
wraak,1.55e-05
meent,1.55e-05
koste,1.55e-05
bende,1.55e-05
losse,1.51e-05
zijne,1.51e-05
steeg,1.51e-05
toets,1.51e-05
omzet,1.51e-05
kerel,1.48e-05
order,1.48e-05
nicht,1.48e-05
strak,1.48e-05
index,1.48e-05
spits,1.45e-05
jagen,1.45e-05
lezer,1.45e-05
maten,1.45e-05
hitte,1.45e-05
ellen,1.45e-05
koper,1.45e-05
hobby,1.41e-05
musea,1.41e-05
audio,1.41e-05
track,1.41e-05
plots,1.41e-05
beleg,1.41e-05
gouda,1.41e-05
kelly,1.38e-05
drink,1.38e-05
boten,1.38e-05
typen,1.38e-05
bocht,1.35e-05
goden,1.35e-05
dance,1.35e-05
deken,1.35e-05
molen,1.35e-05
appel,1.35e-05
smart,1.35e-05
staal,1.35e-05
vieze,1.32e-05
traag,1.32e-05
zetel,1.32e-05
rijen,1.32e-05
meten,1.32e-05
finse,1.29e-05
dagje,1.29e-05
slang,1.29e-05
rente,1.29e-05
brons,1.29e-05
store,1.29e-05
keten,1.29e-05
poten,1.29e-05
level,1.26e-05
slaaf,1.26e-05
slaaf,1.26e-05
bravo,1.26e-05
opera,1.26e-05
vlieg,1.26e-05
engel,1.26e-05
bruid,1.26e-05
meren,1.23e-05
blond,1.23e-05
graad,1.23e-05
porto,1.23e-05
kogel,1.23e-05
tabel,1.23e-05
getal,1.23e-05
firma,1.2e-05
duwen,1.2e-05
noten,1.2e-05
imago,1.2e-05
brits,1.2e-05
clark,1.2e-05
brits,1.2e-05
zegen,1.2e-05
zweer,1.17e-05
kabel,1.17e-05
dieet,1.17e-05
draad,1.17e-05
bonus,1.17e-05
jeans,1.15e-05
gebed,1.15e-05
stoer,1.15e-05
lever,1.15e-05
robot,1.15e-05
vloot,1.15e-05
griep,1.15e-05
busje,1.15e-05
dalen,1.15e-05
topic,1.15e-05
opzij,1.12e-05
baard,1.12e-05
boter,1.12e-05
flauw,1.12e-05
bloot,1.1e-05
cross,1.1e-05
joods,1.1e-05
turks,1.1e-05
ernst,1.1e-05
zowat,1.1e-05
joods,1.1e-05
regie,1.1e-05
beton,1.1e-05
tommy,1.1e-05
garde,1.07e-05
vloog,1.07e-05
koran,1.07e-05
angel,1.07e-05
koran,1.07e-05
keken,1.07e-05
plank,1.07e-05
dunne,1.07e-05
oogst,1.07e-05
falen,1.05e-05
pleit,1.05e-05
beest,1.05e-05
steel,1.05e-05
ijzer,1.05e-05
email,1.02e-05
vette,1.02e-05
troon,1.02e-05
strip,1.02e-05
penis,1.02e-05
drive,1.02e-05
leken,1e-05
vuren,1e-05
klonk,9.77e-06
kring,9.77e-06
suite,9.77e-06
fusie,9.77e-06
zweet,9.77e-06
rozen,9.77e-06
blank,9.77e-06
close,9.55e-06
zaden,9.55e-06
gevel,9.55e-06
scene,9.55e-06
natie,9.55e-06
jager,9.55e-06
potje,9.55e-06
chips,9.55e-06
moois,9.33e-06
klaas,9.33e-06
bobby,9.33e-06
raket,9.33e-06
knoop,9.33e-06
matig,9.33e-06
helen,9.33e-06
dosis,9.33e-06
uzelf,9.12e-06
uiten,9.12e-06
troep,9.12e-06
frame,9.12e-06
alert,9.12e-06
groet,9.12e-06
magie,9.12e-06
lobby,9.12e-06
atlas,9.12e-06
motto,9.12e-06
halte,9.12e-06
inval,9.12e-06
snoep,9.12e-06
motie,9.12e-06
flash,8.91e-06
short,8.91e-06
menen,8.91e-06
paars,8.91e-06
urban,8.91e-06
salon,8.91e-06
stort,8.71e-06
shock,8.71e-06
tenen,8.71e-06
radar,8.71e-06
pakje,8.71e-06
kozen,8.51e-06
prooi,8.51e-06
ophef,8.51e-06
kloof,8.51e-06
pasta,8.51e-06
genre,8.51e-06
opdat,8.51e-06
hamas,8.51e-06
alias,8.51e-06
hamas,8.51e-06
airco,8.51e-06
bruto,8.51e-06
daten,8.32e-06
veren,8.32e-06
stank,8.32e-06
hamer,8.32e-06
asiel,8.32e-06
crash,8.32e-06
kassa,8.32e-06
sloop,8.32e-06
amber,8.13e-06
dorst,8.13e-06
lucky,8.13e-06
flora,8.13e-06
horst,7.94e-06
thans,7.94e-06
shell,7.94e-06
vorst,7.94e-06
reken,7.94e-06
bloei,7.94e-06
karen,7.94e-06
fluit,7.94e-06
kraan,7.94e-06
doorn,7.76e-06
dreef,7.76e-06
maker,7.76e-06
spuit,7.76e-06
orgel,7.76e-06
mythe,7.76e-06
poker,7.59e-06
oever,7.59e-06
breuk,7.59e-06
kinky,7.59e-06
breek,7.59e-06
spoed,7.59e-06
icoon,7.41e-06
clean,7.41e-06
sluis,7.41e-06
zones,7.41e-06
offer,7.41e-06
genot,7.41e-06
speed,7.41e-06
heide,7.41e-06
ritme,7.41e-06
rooms,7.24e-06
essay,7.24e-06
schop,7.24e-06
schok,7.24e-06
fraai,7.24e-06
hecht,7.24e-06
stoep,7.24e-06
rooms,7.24e-06
worst,7.08e-06
hapje,7.08e-06
naald,7.08e-06
money,7.08e-06
anita,6.92e-06
sliep,6.92e-06
claim,6.92e-06
kroeg,6.92e-06
godin,6.92e-06
truck,6.92e-06
fauna,6.92e-06
pasen,6.92e-06
board,6.92e-06
donna,6.92e-06
micro,6.76e-06
drone,6.76e-06
spion,6.76e-06
zucht,6.76e-06
clown,6.76e-06
kapel,6.76e-06
emmer,6.76e-06
wreed,6.76e-06
sound,6.76e-06
crazy,6.61e-06
netto,6.61e-06
stoot,6.61e-06
train,6.61e-06
hulde,6.46e-06
sushi,6.46e-06
baron,6.46e-06
break,6.46e-06
trust,6.46e-06
tests,6.46e-06
krijt,6.46e-06
disco,6.46e-06
bizar,6.46e-06
belle,6.46e-06
vacht,6.46e-06
remix,6.46e-06
vuist,6.31e-06
trans,6.31e-06
hevig,6.31e-06
baker,6.31e-06
slank,6.31e-06
medio,6.31e-06
stier,6.17e-06
small,6.17e-06
anaal,6.17e-06
woest,6.17e-06
sleep,6.17e-06
fries,6.17e-06
dwang,6.17e-06
barst,6.17e-06
stier,6.17e-06
korps,6.17e-06
fries,6.17e-06
bingo,6.17e-06
pilot,6.17e-06
quote,6.03e-06
deugd,6.03e-06
marge,6.03e-06
print,6.03e-06
jonas,6.03e-06
image,6.03e-06
lonen,6.03e-06
canon,6.03e-06
vegen,6.03e-06
zalig,6.03e-06
bitch,6.03e-06
visum,5.89e-06
omver,5.89e-06
blues,5.89e-06
racen,5.89e-06
ketel,5.89e-06
balie,5.89e-06
boren,5.89e-06
satan,5.89e-06
stoom,5.89e-06
ultra,5.89e-06
stick,5.89e-06
kluis,5.75e-06
verte,5.75e-06
baden,5.75e-06
boden,5.75e-06
paren,5.75e-06
rover,5.75e-06
mamma,5.75e-06
milde,5.75e-06
kater,5.62e-06
buddy,5.62e-06
touch,5.62e-06
sjaal,5.62e-06
brink,5.62e-06
gozer,5.62e-06
taboe,5.62e-06
vaten,5.62e-06
tabak,5.62e-06
hoeve,5.5e-06
scala,5.5e-06
gamma,5.5e-06
afrit,5.5e-06
braaf,5.5e-06
blijk,5.5e-06
urine,5.5e-06
pater,5.5e-06
rally,5.5e-06
etage,5.37e-06
gelul,5.37e-06
parel,5.37e-06
anker,5.37e-06
loper,5.37e-06
turbo,5.37e-06
uitje,5.37e-06
drong,5.37e-06
ferry,5.37e-06
jozef,5.25e-06
relax,5.25e-06
essen,5.25e-06
daken,5.25e-06
sauna,5.25e-06
laser,5.25e-06
modem,5.25e-06
kolen,5.13e-06
graan,5.13e-06
derby,5.13e-06
candy,5.13e-06
kleed,5.13e-06
bazen,5.13e-06
zadel,5.13e-06
janet,5.13e-06
kudde,5.13e-06
nagel,5.13e-06
joint,5.13e-06
stijf,5.13e-06
haard,5.13e-06
balen,5.13e-06
karma,5.01e-06
panel,5.01e-06
penny,5.01e-06
ineen,5.01e-06
jumbo,5.01e-06
beren,5.01e-06
hoede,4.9e-06
viool,4.9e-06
astma,4.9e-06
poule,4.9e-06
zwaan,4.9e-06
mager,4.9e-06
hands,4.9e-06
loser,4.9e-06
dronk,4.9e-06
hoera,4.9e-06
decor,4.9e-06
riool,4.79e-06
basic,4.79e-06
hulst,4.79e-06
eikel,4.79e-06
spier,4.79e-06
vinyl,4.79e-06
kaars,4.79e-06
paden,4.79e-06
kanon,4.79e-06
ijsje,4.68e-06
combi,4.68e-06
intro,4.68e-06
split,4.68e-06
neger,4.68e-06
grijp,4.68e-06
terra,4.68e-06
ninja,4.68e-06
preek,4.57e-06
loods,4.57e-06
koets,4.57e-06
omega,4.57e-06
ebola,4.57e-06
haken,4.57e-06
globe,4.57e-06
modus,4.47e-06
spray,4.47e-06
smelt,4.47e-06
drang,4.47e-06
depot,4.47e-06
range,4.47e-06
corps,4.47e-06
weren,4.47e-06
grave,4.47e-06
heavy,4.37e-06
demon,4.37e-06
raven,4.37e-06
alien,4.37e-06
oprit,4.37e-06
tango,4.37e-06
spoel,4.37e-06
genie,4.37e-06
dwerg,4.37e-06
kwade,4.37e-06
vloek,4.27e-06
pools,4.27e-06
tsaar,4.27e-06
daisy,4.27e-06
issue,4.27e-06
blaas,4.27e-06
major,4.27e-06
neven,4.27e-06
lotto,4.17e-06
twist,4.17e-06
gilde,4.17e-06
panda,4.17e-06
monde,4.17e-06
flirt,4.17e-06
fleur,4.17e-06
stunt,4.17e-06
erica,4.17e-06
eitje,4.07e-06
peper,4.07e-06
lepel,4.07e-06
wijde,4.07e-06
glans,4.07e-06
stout,4.07e-06
rebel,3.98e-06
saudi,3.98e-06
grill,3.98e-06
puppy,3.98e-06
liken,3.98e-06
laren,3.89e-06
bolle,3.89e-06
pruik,3.89e-06
boost,3.89e-06
klank,3.89e-06
haaks,3.89e-06
dries,3.8e-06
haram,3.8e-06
scout,3.8e-06
nobel,3.8e-06
elfde,3.8e-06
gebit,3.8e-06
swing,3.8e-06
ready,3.8e-06
erven,3.8e-06
eiken,3.8e-06
dolle,3.8e-06
stuit,3.8e-06
palen,3.8e-06
laken,3.72e-06
kolom,3.72e-06
voogd,3.72e-06
jouwe,3.72e-06
linie,3.72e-06
anime,3.72e-06
flyer,3.72e-06
roest,3.63e-06
malta,3.63e-06
weide,3.63e-06
gebak,3.63e-06
ziens,3.63e-06
abdij,3.63e-06
stock,3.63e-06
koren,3.63e-06
reuze,3.55e-06
tumor,3.55e-06
flits,3.55e-06
rugby,3.55e-06
lotus,3.55e-06
vliet,3.55e-06
stoet,3.55e-06
schut,3.55e-06
clips,3.55e-06
hagel,3.55e-06
teddy,3.55e-06
edele,3.47e-06
laste,3.47e-06
prime,3.47e-06
oppas,3.47e-06
tenue,3.47e-06
klare,3.47e-06
mekka,3.47e-06
gunst,3.47e-06
donor,3.47e-06
mekka,3.47e-06
macro,3.47e-06
paper,3.47e-06
dildo,3.47e-06
cobra,3.39e-06
tesla,3.39e-06
eiwit,3.39e-06
cobra,3.39e-06
rouge,3.39e-06
topje,3.39e-06
plaag,3.39e-06
oogje,3.39e-06
innen,3.39e-06
zegel,3.39e-06
input,3.39e-06
retro,3.39e-06
rooie,3.31e-06
panne,3.31e-06
fasen,3.31e-06
curry,3.31e-06
drift,3.31e-06
judas,3.31e-06
speer,3.31e-06
zebra,3.31e-06
luier,3.31e-06
wever,3.31e-06
sekte,3.31e-06
morse,3.31e-06
hoest,3.24e-06
drums,3.24e-06
wagon,3.24e-06
griet,3.24e-06
nevel,3.24e-06
arend,3.24e-06
daags,3.24e-06
manen,3.24e-06
joker,3.24e-06
linde,3.24e-06
garen,3.24e-06
laars,3.24e-06
titan,3.16e-06
menig,3.16e-06
piste,3.16e-06
crime,3.16e-06
snack,3.16e-06
darts,3.16e-06
strik,3.16e-06
gekte,3.09e-06
bever,3.09e-06
serum,3.09e-06
rotte,3.09e-06
vanop,3.09e-06
saldo,3.09e-06
dikte,3.09e-06
friet,3.02e-06
chick,3.02e-06
troef,3.02e-06
wrong,3.02e-06
enter,3.02e-06
panty,3.02e-06
kunde,3.02e-06
spons,3.02e-06
fases,3.02e-06
teelt,2.95e-06
hagen,2.95e-06
badge,2.95e-06
deens,2.95e-06
bruut,2.95e-06
lader,2.95e-06
spike,2.95e-06
thais,2.95e-06
doven,2.88e-06
evers,2.88e-06
lands,2.88e-06
mango,2.88e-06
coupe,2.88e-06
hoven,2.88e-06
dezen,2.82e-06
schil,2.82e-06
doods,2.82e-06
snaar,2.82e-06
psalm,2.82e-06
mixen,2.82e-06
ratio,2.82e-06
bacon,2.75e-06
akker,2.75e-06
baten,2.75e-06
loket,2.75e-06
neder,2.75e-06
crack,2.75e-06
kroop,2.75e-06
quasi,2.75e-06
salsa,2.75e-06
dolly,2.75e-06
jihad,2.75e-06
revue,2.69e-06
hindi,2.69e-06
shift,2.69e-06
maxim,2.69e-06
trial,2.69e-06
klink,2.69e-06
horde,2.69e-06
dwaas,2.69e-06
kraag,2.69e-06
dutje,2.69e-06
claus,2.69e-06
zwijn,2.63e-06
azijn,2.63e-06
adult,2.63e-06
reset,2.63e-06
spook,2.63e-06
legio,2.63e-06
kubus,2.63e-06
gamen,2.63e-06
afwas,2.57e-06
immer,2.57e-06
kaken,2.57e-06
manga,2.57e-06
madam,2.57e-06
getto,2.57e-06
schap,2.57e-06
omweg,2.51e-06
steil,2.51e-06
matje,2.51e-06
noors,2.51e-06
slijm,2.51e-06
wodka,2.51e-06
farao,2.51e-06
aaien,2.51e-06
blies,2.45e-06
peren,2.45e-06
smeer,2.45e-06
gevat,2.45e-06
comic,2.45e-06
schep,2.45e-06
promo,2.45e-06
motel,2.45e-06
waken,2.45e-06
vloed,2.45e-06
sigma,2.45e-06
bezem,2.45e-06
nexus,2.45e-06
basta,2.45e-06
lover,2.45e-06
tarwe,2.4e-06
lazen,2.4e-06
franc,2.4e-06
kever,2.4e-06
krimp,2.4e-06
smurf,2.4e-06
speld,2.4e-06
dover,2.4e-06
loten,2.4e-06
merel,2.4e-06
strot,2.4e-06
aston,2.4e-06
weber,2.4e-06
komma,2.34e-06
gemis,2.34e-06
pluim,2.34e-06
traan,2.34e-06
dwaze,2.34e-06
barre,2.34e-06
patat,2.34e-06
minus,2.34e-06
minor,2.34e-06
glimp,2.34e-06
infra,2.34e-06
large,2.34e-06
braak,2.29e-06
dezer,2.29e-06
catch,2.29e-06
zwaai,2.29e-06
boots,2.29e-06
rapen,2.29e-06
zulte,2.29e-06
lease,2.29e-06
roden,2.29e-06
codex,2.29e-06
polis,2.29e-06
macho,2.24e-06
sjeik,2.24e-06
spant,2.24e-06
halal,2.24e-06
timer,2.24e-06
haags,2.24e-06
druif,2.24e-06
beige,2.24e-06
soera,2.19e-06
wierp,2.19e-06
ranch,2.19e-06
sloep,2.19e-06
grind,2.19e-06
luide,2.19e-06
cello,2.19e-06
ether,2.19e-06
sonde,2.19e-06
uilen,2.14e-06
leder,2.14e-06
boxer,2.14e-06
stomp,2.14e-06
wazig,2.14e-06
sedan,2.14e-06
zonet,2.14e-06
kramp,2.14e-06
beval,2.14e-06
serge,2.14e-06
telen,2.09e-06
enfin,2.09e-06
rabat,2.09e-06
aapje,2.09e-06
ivoor,2.09e-06
prent,2.09e-06
stern,2.09e-06
combo,2.09e-06
dopen,2.09e-06
gewin,2.04e-06
stift,2.04e-06
jaars,2.04e-06
flair,2.04e-06
puber,2.04e-06
buien,2.04e-06
khmer,2.04e-06
vurig,2.04e-06
baren,2.04e-06
tromp,2.04e-06
pasje,2.04e-06
idool,2.04e-06
upper,2.04e-06
boxen,2.04e-06
jemig,2.04e-06
bogen,2e-06
staaf,2e-06
kraai,2e-06
toorn,2e-06
klomp,2e-06
folie,2e-06
doken,2e-06
tegel,2e-06
baken,2e-06
bunny,2e-06
kroes,1.95e-06
otter,1.95e-06
smash,1.95e-06
navel,1.95e-06
chill,1.95e-06
opper,1.95e-06
benul,1.95e-06
mixed,1.95e-06
groef,1.95e-06
strop,1.91e-06
zweep,1.91e-06
kraak,1.91e-06
stads,1.91e-06
kreet,1.91e-06
poets,1.91e-06
smaad,1.91e-06
cacao,1.91e-06
hints,1.91e-06
flint,1.86e-06
sekse,1.86e-06
tombe,1.86e-06
latex,1.86e-06
stuff,1.86e-06
annex,1.86e-06
sjaak,1.86e-06
tikje,1.86e-06
flank,1.86e-06
casus,1.86e-06
hyper,1.86e-06
lozen,1.86e-06
kraam,1.86e-06
crown,1.86e-06
merci,1.86e-06
mille,1.82e-06
viral,1.82e-06
koord,1.82e-06
acuut,1.82e-06
kiosk,1.82e-06
curve,1.82e-06
these,1.82e-06
afzet,1.82e-06
meeuw,1.82e-06
smoes,1.82e-06
kruid,1.78e-06
dooie,1.78e-06
pupil,1.78e-06
zoute,1.78e-06
gedag,1.78e-06
gloed,1.78e-06
zegge,1.78e-06
smoel,1.78e-06
gleed,1.78e-06
kweek,1.78e-06
sober,1.78e-06
patch,1.78e-06
credo,1.78e-06
scoop,1.74e-06
gazon,1.74e-06
ester,1.74e-06
trant,1.74e-06
baars,1.74e-06
tonic,1.74e-06
clash,1.7e-06
dijen,1.7e-06
kille,1.7e-06
legen,1.7e-06
zeden,1.7e-06
ergst,1.7e-06
snoek,1.7e-06
amigo,1.7e-06
cache,1.7e-06
stipt,1.7e-06
kwast,1.7e-06
staar,1.7e-06
lelie,1.66e-06
steur,1.66e-06
corso,1.66e-06
sleur,1.66e-06
knaap,1.66e-06
zenuw,1.66e-06
korst,1.66e-06
griek,1.66e-06
racer,1.66e-06
tiran,1.66e-06
krans,1.66e-06
griek,1.66e-06
study,1.66e-06
proxy,1.62e-06
funky,1.62e-06
wezel,1.62e-06
cargo,1.62e-06
animo,1.62e-06
pacht,1.62e-06
steak,1.62e-06
toast,1.62e-06
puree,1.62e-06
rowan,1.62e-06
spies,1.58e-06
opium,1.58e-06
tyfus,1.58e-06
watje,1.58e-06
kruik,1.58e-06
pixel,1.58e-06
allee,1.58e-06
zitje,1.58e-06
koker,1.55e-06
limit,1.55e-06
komaf,1.55e-06
snuit,1.55e-06
gouwe,1.55e-06
serre,1.55e-06
venen,1.55e-06
janus,1.55e-06
stang,1.55e-06
kappa,1.51e-06
spelt,1.51e-06
gewas,1.51e-06
proza,1.51e-06
volks,1.51e-06
bosje,1.51e-06
tepel,1.51e-06
punch,1.51e-06
oasis,1.51e-06
vlaag,1.51e-06
chemo,1.51e-06
farce,1.48e-06
donut,1.48e-06
dolce,1.48e-06
klets,1.48e-06
graal,1.48e-06
forel,1.48e-06
adobe,1.48e-06
effen,1.45e-06
orgie,1.45e-06
klauw,1.45e-06
cavia,1.45e-06
floot,1.45e-06
pinda,1.45e-06
steps,1.45e-06
vrome,1.45e-06
hydra,1.41e-06
zelve,1.41e-06
siena,1.41e-06
atoom,1.41e-06
kloon,1.41e-06
aroma,1.41e-06
freak,1.41e-06
zuren,1.41e-06
holst,1.41e-06
vroom,1.41e-06
ovaal,1.41e-06
foyer,1.38e-06
onwel,1.38e-06
fysio,1.38e-06
rambo,1.38e-06
haver,1.38e-06
nihil,1.38e-06
sneed,1.35e-06
botox,1.35e-06
waals,1.35e-06
chant,1.35e-06
taaie,1.35e-06
kavel,1.35e-06
knijp,1.35e-06
detox,1.32e-06
reine,1.32e-06
choco,1.32e-06
repen,1.32e-06
fiche,1.32e-06
click,1.32e-06
duvel,1.32e-06
gemma,1.29e-06
welnu,1.29e-06
snede,1.29e-06
klerk,1.29e-06
barok,1.29e-06
zweed,1.29e-06
trias,1.29e-06
hazen,1.29e-06
stamp,1.26e-06
katje,1.26e-06
aards,1.26e-06
wedde,1.26e-06
trick,1.26e-06
gebod,1.26e-06
tarot,1.23e-06
palet,1.23e-06
pluis,1.23e-06
salto,1.23e-06
broos,1.23e-06
noden,1.23e-06
bongo,1.23e-06
cadet,1.23e-06
alter,1.23e-06
adder,1.23e-06
veter,1.23e-06
gamer,1.2e-06
roker,1.2e-06
enzym,1.2e-06
faire,1.2e-06
zeeuw,1.2e-06
audit,1.2e-06
kreek,1.2e-06
veraf,1.2e-06
tapas,1.2e-06
havik,1.2e-06
helix,1.2e-06
rayon,1.17e-06
vlies,1.17e-06
kapen,1.17e-06
novum,1.17e-06
verst,1.17e-06
scrum,1.17e-06
lazer,1.17e-06
dreun,1.17e-06
dixie,1.17e-06
passe,1.17e-06
haiku,1.17e-06
kazen,1.15e-06
leien,1.15e-06
kruit,1.15e-06
alibi,1.15e-06
gazet,1.15e-06
roven,1.15e-06
wonde,1.15e-06
genua,1.15e-06
buste,1.15e-06
snoer,1.15e-06
wanen,1.15e-06
brace,1.15e-06
vezel,1.15e-06
inbox,1.15e-06
harig,1.12e-06
berge,1.12e-06
lolly,1.12e-06
hertz,1.12e-06
oksel,1.12e-06
junta,1.12e-06
cocon,1.12e-06
pronk,1.12e-06
gegil,1.12e-06
zolen,1.1e-06
nylon,1.1e-06
samba,1.1e-06
gerst,1.1e-06
kleef,1.1e-06
gleuf,1.1e-06
poema,1.1e-06
inleg,1.1e-06
drost,1.1e-06
tenor,1.07e-06
noren,1.07e-06
tosti,1.07e-06
mixer,1.07e-06
kneep,1.07e-06
niche,1.05e-06
reply,1.05e-06
barak,1.05e-06
kwaal,1.05e-06
dogma,1.02e-06
botje,1.02e-06
trash,1.02e-06
leuze,1.02e-06
lumen,1.02e-06
fobie,1.02e-06
rogge,1.02e-06
zenit,1.02e-06
kokos,1.02e-06
spaan,1.02e-06
poppy,1e-06
pruim,1e-06
sfinx,1e-06
dombo,1e-06
nanny,1e-06
amine,1e-06
notie,1e-06
lamme,1e-06
dolby,1e-06
lenig,1e-06
pezen,1e-06
plint,1e-06
botte,1e-06
rabbi,1e-06
veste,1e-06
pappa,9.77e-07
wende,9.77e-07
rodeo,9.77e-07
forte,9.77e-07
pages,9.77e-07
sheet,9.77e-07
ijver,9.77e-07
reuma,9.77e-07
heisa,9.55e-07
blaak,9.55e-07
blink,9.55e-07
mambo,9.55e-07
belet,9.55e-07
schei,9.55e-07
fabel,9.55e-07
zwerm,9.55e-07
getij,9.55e-07
pence,9.55e-07
eland,9.55e-07
tutti,9.55e-07
sjiek,9.33e-07
voorn,9.33e-07
karst,9.33e-07
kapje,9.33e-07
spoot,9.33e-07
loden,9.33e-07
chart,9.33e-07
huwen,9.12e-07
trips,9.12e-07
doper,9.12e-07
cider,9.12e-07
banjo,9.12e-07
sluwe,9.12e-07
olijf,9.12e-07
rozet,9.12e-07
fjord,9.12e-07
oudje,9.12e-07
eiser,9.12e-07
paddy,9.12e-07
caddy,8.91e-07
melis,8.91e-07
weven,8.91e-07
dweil,8.91e-07
oraal,8.91e-07
henna,8.91e-07
zweeg,8.91e-07
deler,8.91e-07
pitje,8.91e-07
prior,8.91e-07
kluts,8.91e-07
kebab,8.91e-07
holte,8.91e-07
reach,8.71e-07
gever,8.71e-07
chino,8.71e-07
tilde,8.71e-07
eicel,8.71e-07
acryl,8.71e-07
buggy,8.71e-07
schim,8.71e-07
trees,8.71e-07
camel,8.51e-07
onzen,8.51e-07
gewag,8.51e-07
mater,8.51e-07
grauw,8.51e-07
denim,8.51e-07
expat,8.32e-07
riant,8.32e-07
abuis,8.32e-07
beven,8.32e-07
slurf,8.32e-07
tweed,8.32e-07
kegel,8.32e-07
volta,8.32e-07
jicht,8.32e-07
rotor,8.32e-07
psych,8.32e-07
sabel,8.32e-07
stans,8.13e-07
facet,8.13e-07
koala,8.13e-07
meute,8.13e-07
trede,8.13e-07
quota,8.13e-07
gapen,8.13e-07
polio,8.13e-07
harem,8.13e-07
kuren,8.13e-07
adieu,8.13e-07
salam,8.13e-07
giraf,8.13e-07
sissy,7.94e-07
lupus,7.94e-07
fiber,7.94e-07
agora,7.94e-07
boort,7.94e-07
stonk,7.94e-07
strek,7.94e-07
aorta,7.94e-07
xenon,7.94e-07
egaal,7.76e-07
spijk,7.76e-07
klier,7.76e-07
corsa,7.76e-07
slash,7.76e-07
token,7.76e-07
doema,7.76e-07
reaal,7.76e-07
kliek,7.76e-07
kruin,7.76e-07
spuug,7.76e-07
appen,7.59e-07
login,7.59e-07
rondo,7.59e-07
ruste,7.59e-07
magma,7.59e-07
braam,7.59e-07
plane,7.59e-07
salie,7.59e-07
datje,7.59e-07
minne,7.59e-07
mazen,7.59e-07
afijn,7.41e-07
kreng,7.41e-07
kinds,7.41e-07
debet,7.41e-07
lesbo,7.41e-07
wafel,7.41e-07
zoden,7.41e-07
gewei,7.41e-07
summa,7.41e-07
danig,7.41e-07
tiara,7.41e-07
razen,7.41e-07
degen,7.24e-07
sloom,7.24e-07
torso,7.24e-07
pekel,7.24e-07
slijk,7.24e-07
kunne,7.24e-07
kloot,7.24e-07
praal,7.24e-07
jazzy,7.24e-07
adios,7.24e-07
zumba,7.24e-07
spade,7.08e-07
tjerk,7.08e-07
spijs,7.08e-07
staak,7.08e-07
limbo,7.08e-07
enten,7.08e-07
manna,7.08e-07
ionen,7.08e-07
etsen,7.08e-07
primo,7.08e-07
fluor,7.08e-07
larve,7.08e-07
gekko,6.92e-07
teder,6.92e-07
pesto,6.92e-07
drain,6.92e-07
spaak,6.92e-07
argus,6.92e-07
charm,6.92e-07
walen,6.92e-07
filet,6.92e-07
vlaai,6.92e-07
geste,6.92e-07
meier,6.92e-07
tahoe,6.92e-07
largo,6.76e-07
schol,6.76e-07
galop,6.76e-07
hyena,6.76e-07
aagje,6.76e-07
logos,6.76e-07
sesam,6.76e-07
welig,6.76e-07
asbak,6.76e-07
patio,6.76e-07
kodak,6.76e-07
totem,6.76e-07
drops,6.61e-07
polak,6.61e-07
scope,6.61e-07
spint,6.61e-07
dinar,6.61e-07
argon,6.61e-07
skunk,6.61e-07
lotje,6.61e-07
hofje,6.61e-07
wants,6.46e-07
baret,6.46e-07
kwark,6.46e-07
ijdel,6.46e-07
slome,6.46e-07
furie,6.46e-07
stolp,6.46e-07
gents,6.46e-07
plooi,6.46e-07
sonar,6.46e-07
speen,6.46e-07
dandy,6.46e-07
bries,6.46e-07
campo,6.31e-07
taser,6.31e-07
sinus,6.31e-07
takel,6.31e-07
cameo,6.31e-07
teren,6.31e-07
depri,6.31e-07
roede,6.31e-07
husky,6.17e-07
veder,6.17e-07
pogen,6.17e-07
vocal,6.17e-07
loven,6.17e-07
mores,6.17e-07
kelen,6.17e-07
aster,6.17e-07
kajak,6.17e-07
onwil,6.17e-07
bazin,6.03e-07
dizzy,6.03e-07
beten,6.03e-07
baton,6.03e-07
paria,6.03e-07
moren,6.03e-07
zever,6.03e-07
zulks,6.03e-07
handy,5.89e-07
imker,5.89e-07
servo,5.89e-07
polka,5.89e-07
loops,5.89e-07
cheat,5.89e-07
biker,5.89e-07
gezel,5.89e-07
gipsy,5.89e-07
wrang,5.89e-07
mauve,5.89e-07
tucht,5.89e-07
wicht,5.89e-07
kaper,5.89e-07
mezzo,5.89e-07
zegje,5.89e-07
zopas,5.75e-07
unief,5.75e-07
plons,5.75e-07
inkom,5.75e-07
maren,5.75e-07
kaste,5.75e-07
kluif,5.75e-07
schuw,5.75e-07
gelei,5.75e-07
sneep,5.75e-07
faxen,5.75e-07
deren,5.62e-07
erker,5.62e-07
bekaf,5.62e-07
array,5.62e-07
bivak,5.62e-07
fixen,5.62e-07
vlijt,5.62e-07
karig,5.62e-07
sores,5.5e-07
stoof,5.5e-07
romig,5.5e-07
steef,5.5e-07
reiki,5.5e-07
kneus,5.5e-07
bagel,5.5e-07
lasso,5.5e-07
puist,5.5e-07
bakte,5.5e-07
graat,5.37e-07
schor,5.37e-07
luwte,5.37e-07
holen,5.37e-07
locus,5.37e-07
provo,5.37e-07
ziezo,5.25e-07
smeet,5.25e-07
bench,5.25e-07
knots,5.25e-07
bajes,5.25e-07
dorps,5.25e-07
curie,5.25e-07
mijns,5.25e-07
kwets,5.25e-07
spurt,5.25e-07
ginds,5.25e-07
dummy,5.25e-07
bloes,5.13e-07
varia,5.13e-07
salut,5.13e-07
nurse,5.13e-07
hoppa,5.13e-07
jaden,5.13e-07
banco,5.13e-07
blits,5.13e-07
lakei,5.13e-07
oehoe,5.13e-07
fatwa,5.13e-07
ceder,5.13e-07
dille,5.13e-07
humus,5.01e-07
bizon,5.01e-07
kling,5.01e-07
snoei,5.01e-07
wisse,5.01e-07
armoe,5.01e-07
feeks,5.01e-07
boers,5.01e-07
kopij,5.01e-07
opeen,5.01e-07
gamba,5.01e-07
waxen,4.9e-07
wreef,4.9e-07
cajun,4.9e-07
morel,4.9e-07
snurk,4.9e-07
bogey,4.9e-07
sarin,4.9e-07
larie,4.9e-07
weder,4.9e-07
geuze,4.9e-07
cajun,4.9e-07
mensa,4.9e-07
snode,4.79e-07
mayor,4.79e-07
motte,4.79e-07
frigo,4.79e-07
melde,4.68e-07
sjerp,4.68e-07
actor,4.68e-07
inert,4.68e-07
kraal,4.68e-07
slick,4.68e-07
scrub,4.68e-07
schik,4.68e-07
kroos,4.68e-07
deuce,4.68e-07
kolos,4.68e-07
golem,4.68e-07
sleuf,4.68e-07
elzen,4.68e-07
hamel,4.68e-07
casco,4.57e-07
hymne,4.57e-07
japon,4.57e-07
verso,4.57e-07
ficus,4.57e-07
plomp,4.57e-07
parka,4.57e-07
duaal,4.57e-07
blonk,4.57e-07
moker,4.47e-07
iepen,4.47e-07
pasar,4.47e-07
kalle,4.47e-07
jatte,4.47e-07
batch,4.47e-07
oxide,4.47e-07
droop,4.47e-07
salvo,4.47e-07
elpee,4.47e-07
waker,4.37e-07
smolt,4.37e-07
talud,4.37e-07
plebs,4.37e-07
snert,4.37e-07
inrit,4.37e-07
miauw,4.37e-07
wijle,4.37e-07
mitra,4.37e-07
kluit,4.37e-07
onzer,4.37e-07
honig,4.37e-07
ijzig,4.37e-07
zwoel,4.37e-07
taxus,4.37e-07
manta,4.37e-07
grief,4.37e-07
lepra,4.37e-07
afdak,4.27e-07
djinn,4.27e-07
krill,4.27e-07
manie,4.27e-07
anjer,4.17e-07
fuzzy,4.17e-07
bonje,4.17e-07
etter,4.17e-07
tetra,4.17e-07
stiel,4.17e-07
reces,4.07e-07
flexi,4.07e-07
spore,4.07e-07
timen,4.07e-07
kriek,4.07e-07
dolen,4.07e-07
sagen,4.07e-07
bente,4.07e-07
tinne,4.07e-07
innig,4.07e-07
mirre,4.07e-07
ratel,4.07e-07
bully,3.98e-07
aktes,3.98e-07
vleet,3.98e-07
faken,3.98e-07
solex,3.98e-07
blaam,3.98e-07
grime,3.98e-07
teint,3.98e-07
stoop,3.98e-07
vieux,3.98e-07
limes,3.98e-07
inham,3.98e-07
choke,3.98e-07
bompa,3.89e-07
woerd,3.89e-07
rasta,3.89e-07
stoma,3.89e-07
waden,3.89e-07
slice,3.89e-07
grift,3.89e-07
toner,3.89e-07
bidon,3.89e-07
biest,3.8e-07
zomin,3.8e-07
broze,3.8e-07
spong,3.8e-07
libel,3.8e-07
genus,3.8e-07
weids,3.8e-07
rioja,3.8e-07
mamba,3.8e-07
ebben,3.8e-07
talon,3.72e-07
abces,3.72e-07
manco,3.72e-07
pover,3.72e-07
tunen,3.72e-07
tapen,3.72e-07
witje,3.72e-07
tuner,3.72e-07
reder,3.72e-07
mokka,3.72e-07
gesel,3.72e-07
kloek,3.72e-07
zwier,3.72e-07
folio,3.72e-07
ledig,3.72e-07
turen,3.72e-07
koest,3.72e-07
dingo,3.63e-07
quark,3.63e-07
ranja,3.63e-07
hetze,3.63e-07
fakir,3.63e-07
frons,3.63e-07
dixit,3.63e-07
plaid,3.55e-07
couch,3.55e-07
sjoel,3.55e-07
anima,3.55e-07
malus,3.55e-07
melig,3.55e-07
sambo,3.55e-07
sepia,3.47e-07
panna,3.47e-07
dwaal,3.47e-07
opbod,3.47e-07
taupe,3.47e-07
zogen,3.47e-07
vlier,3.47e-07
diode,3.47e-07
bazig,3.47e-07
broed,3.39e-07
krijn,3.39e-07
foton,3.39e-07
heler,3.39e-07
serve,3.39e-07
fixer,3.39e-07
hiaat,3.31e-07
klojo,3.31e-07
snuif,3.31e-07
stent,3.31e-07
hamam,3.31e-07
euvel,3.31e-07
lemen,3.31e-07
conto,3.31e-07
graft,3.24e-07
canto,3.24e-07
slede,3.24e-07
getik,3.24e-07
vloei,3.24e-07
scalp,3.16e-07
kwiek,3.16e-07
hater,3.16e-07
sinas,3.16e-07
crisp,3.16e-07
hopla,3.16e-07
telex,3.16e-07
hinde,3.16e-07
vazal,3.16e-07
kliko,3.09e-07
boert,3.09e-07
cyste,3.09e-07
gajes,3.09e-07
krent,3.09e-07
lipje,3.09e-07
vulva,3.09e-07
pipet,3.09e-07
heien,3.02e-07
kromp,3.02e-07
vagen,3.02e-07
hogen,3.02e-07
sifon,3.02e-07
kwint,2.95e-07
briek,2.95e-07
crank,2.95e-07
rumba,2.95e-07
rotan,2.95e-07
sloof,2.95e-07
bamba,2.95e-07
lemma,2.95e-07
nacho,2.95e-07
skiff,2.95e-07
epoxy,2.95e-07
gelag,2.88e-07
liane,2.88e-07
resem,2.88e-07
rappe,2.88e-07
apneu,2.88e-07
creep,2.88e-07
blaar,2.88e-07
talig,2.88e-07
nerts,2.88e-07
squaw,2.88e-07
gruis,2.82e-07
palts,2.82e-07
exoot,2.82e-07
doren,2.82e-07
crawl,2.82e-07
ronin,2.82e-07
rance,2.82e-07
yucca,2.82e-07
pasja,2.82e-07
conus,2.82e-07
kenau,2.82e-07
hager,2.75e-07
piket,2.75e-07
tinto,2.75e-07
priem,2.75e-07
sneer,2.75e-07
tanga,2.75e-07
moeke,2.75e-07
moede,2.75e-07
logen,2.75e-07
soefi,2.75e-07
colon,2.75e-07
baggy,2.69e-07
codec,2.69e-07
vrind,2.69e-07
toros,2.69e-07
pinas,2.63e-07
smack,2.63e-07
makke,2.63e-07
adept,2.63e-07
snoet,2.63e-07
trike,2.63e-07
ampul,2.63e-07
wogen,2.63e-07
bader,2.63e-07
divan,2.63e-07
poses,2.63e-07
kanis,2.63e-07
hakje,2.63e-07
leste,2.63e-07
zavel,2.57e-07
snars,2.57e-07
fagot,2.57e-07
geers,2.57e-07
zweem,2.57e-07
ippon,2.57e-07
bomma,2.57e-07
tjalk,2.57e-07
nadir,2.57e-07
ruien,2.57e-07
karaf,2.57e-07
flets,2.57e-07
frees,2.57e-07
buxus,2.57e-07
kwijl,2.57e-07
slenk,2.57e-07
spalk,2.51e-07
wicca,2.51e-07
hoela,2.51e-07
mogol,2.51e-07
leges,2.51e-07
vucht,2.51e-07
geeuw,2.51e-07
herik,2.51e-07
edoch,2.51e-07
nomen,2.45e-07
meers,2.45e-07
opaal,2.45e-07
elect,2.45e-07
poeha,2.45e-07
bolus,2.45e-07
acces,2.45e-07
bowls,2.45e-07
rebus,2.45e-07
anijs,2.45e-07
sedum,2.45e-07
kamen,2.45e-07
sujet,2.45e-07
steno,2.45e-07
vroor,2.45e-07
sneue,2.45e-07
broom,2.45e-07
soeps,2.45e-07
query,2.4e-07
mirte,2.4e-07
denke,2.4e-07
pager,2.4e-07
amuse,2.4e-07
bebop,2.34e-07
luren,2.34e-07
snoof,2.34e-07
kozak,2.34e-07
kozak,2.34e-07
frase,2.34e-07
borat,2.34e-07
stram,2.34e-07
bruis,2.34e-07
alsem,2.34e-07
kloet,2.34e-07
droef,2.34e-07
radja,2.34e-07
klamp,2.34e-07
keper,2.34e-07
shunt,2.29e-07
vivat,2.29e-07
leute,2.29e-07
paart,2.29e-07
juten,2.29e-07
tiens,2.24e-07
swami,2.24e-07
macha,2.24e-07
derny,2.24e-07
sprei,2.24e-07
scuba,2.24e-07
basen,2.24e-07
cyaan,2.24e-07
radon,2.24e-07
winch,2.24e-07
kouwe,2.24e-07
ureum,2.24e-07
trien,2.24e-07
espen,2.24e-07
sacra,2.24e-07
shawl,2.24e-07
omber,2.24e-07
colli,2.24e-07
smoor,2.19e-07
joule,2.19e-07
ounce,2.19e-07
spang,2.19e-07
hoeks,2.19e-07
hoppe,2.19e-07
lener,2.19e-07
lende,2.14e-07
teler,2.14e-07
krank,2.14e-07
shoah,2.14e-07
winde,2.14e-07
flens,2.14e-07
ajuin,2.14e-07
agave,2.14e-07
gyros,2.14e-07
beemd,2.09e-07
olmen,2.09e-07
maggi,2.09e-07
zwiep,2.09e-07
neten,2.09e-07
nakie,2.04e-07
knoet,2e-07
ethos,2e-07
ukkie,2e-07
mocro,1.95e-07
gelid,1.95e-07
lunet,1.95e-07
kluns,1.95e-07
twijg,1.95e-07
brabo,1.95e-07
stint,1.95e-07
maats,1.91e-07
floss,1.91e-07
tipsy,1.91e-07
gesar,1.91e-07
folly,1.91e-07
sjans,1.91e-07
gelig,1.91e-07
slurp,1.91e-07
conga,1.86e-07
pruts,1.86e-07
veger,1.86e-07
engte,1.86e-07
bruls,1.86e-07
ijzel,1.86e-07
tukje,1.86e-07
ijlen,1.86e-07
tweak,1.86e-07
hadji,1.86e-07
akela,1.82e-07
guppy,1.82e-07
onmin,1.82e-07
zurig,1.82e-07
manou,1.82e-07
daler,1.82e-07
fossa,1.82e-07
quant,1.82e-07
scone,1.82e-07
stola,1.82e-07
vadem,1.78e-07
dazen,1.78e-07
kaden,1.78e-07
icing,1.78e-07
latei,1.78e-07
banga,1.78e-07
bidet,1.78e-07
bugel,1.78e-07
gelen,1.78e-07
gaard,1.78e-07
nozem,1.78e-07
syrah,1.74e-07
bliep,1.74e-07
litho,1.74e-07
koter,1.74e-07
lycra,1.74e-07
guano,1.74e-07
bezie,1.74e-07
sleet,1.74e-07
okapi,1.74e-07
speet,1.74e-07
snaai,1.74e-07
afgod,1.74e-07
toost,1.74e-07
opzeg,1.7e-07
cella,1.7e-07
schar,1.7e-07
dezes,1.7e-07
romer,1.7e-07
troop,1.7e-07
rader,1.7e-07
ijsco,1.7e-07
nafta,1.66e-07
ritus,1.66e-07
agaat,1.66e-07
bokje,1.66e-07
dobbe,1.62e-07
geode,1.62e-07
gauss,1.62e-07
waaks,1.62e-07
rotje,1.62e-07
abdis,1.62e-07
dadel,1.62e-07
schub,1.58e-07
radix,1.58e-07
motet,1.58e-07
kadet,1.58e-07
quilt,1.58e-07
krols,1.58e-07
sluik,1.58e-07
sisal,1.58e-07
tibbe,1.55e-07
klont,1.55e-07
graai,1.55e-07
alaaf,1.55e-07
lullo,1.55e-07
anode,1.55e-07
nulde,1.55e-07
dalem,1.55e-07
grint,1.55e-07
kruif,1.55e-07
zloty,1.51e-07
saven,1.51e-07
kanji,1.51e-07
hozen,1.51e-07
bliek,1.48e-07
tourt,1.48e-07
stele,1.48e-07
tobbe,1.48e-07
jodin,1.48e-07
ootje,1.48e-07
jodin,1.48e-07
wierf,1.45e-07
sjouw,1.45e-07
schel,1.45e-07
trits,1.45e-07
koerd,1.45e-07
gummi,1.45e-07
laven,1.45e-07
knoei,1.41e-07
boson,1.41e-07
zomen,1.41e-07
aluin,1.41e-07
echie,1.38e-07
voile,1.38e-07
batik,1.38e-07
rezen,1.38e-07
muzak,1.38e-07
marot,1.38e-07
yield,1.38e-07
nappa,1.38e-07
zemen,1.38e-07
slijp,1.38e-07
porie,1.38e-07
edict,1.38e-07
koten,1.38e-07
taiga,1.35e-07
tange,1.35e-07
ahorn,1.35e-07
weger,1.35e-07
skiet,1.35e-07
zulle,1.35e-07
broes,1.35e-07
liaan,1.35e-07
aioli,1.35e-07
nonna,1.35e-07
gemor,1.32e-07
plano,1.32e-07
chute,1.32e-07
slump,1.32e-07
bijou,1.32e-07
saldi,1.29e-07
armee,1.29e-07
fenol,1.29e-07
feces,1.29e-07
winti,1.29e-07
terts,1.29e-07
kanen,1.29e-07
hiken,1.29e-07
fluks,1.26e-07
agger,1.26e-07
galei,1.26e-07
bakra,1.23e-07
biken,1.23e-07
balsa,1.23e-07
gelui,1.23e-07
tofoe,1.23e-07
tramp,1.23e-07
fitis,1.23e-07
sater,1.2e-07
stylo,1.2e-07
lymfe,1.2e-07
damar,1.2e-07
torus,1.2e-07
berde,1.2e-07
kaats,1.2e-07
futon,1.2e-07
kilte,1.17e-07
zager,1.17e-07
kuise,1.17e-07
knaak,1.17e-07
uiver,1.17e-07
crude,1.17e-07
geren,1.17e-07
hevel,1.15e-07
kagie,1.15e-07
queue,1.15e-07
octet,1.15e-07
mungo,1.15e-07
hoofs,1.15e-07
hegge,1.15e-07
tabee,1.15e-07
eggen,1.12e-07
ijken,1.12e-07
toque,1.12e-07
kafir,1.12e-07
wasco,1.12e-07
onzes,1.12e-07
brugs,1.12e-07
kezen,1.12e-07
ajuus,1.12e-07
cinch,1.1e-07
bande,1.1e-07
pampa,1.1e-07
somma,1.1e-07
freon,1.1e-07
recto,1.1e-07
pylon,1.1e-07
assem,1.07e-07
siste,1.07e-07
uppen,1.07e-07
tomen,1.07e-07
diets,1.07e-07
diets,1.07e-07
desem,1.07e-07
zeelt,1.07e-07
tapir,1.07e-07
romen,1.07e-07
zepen,1.05e-07
ethyl,1.05e-07
gebel,1.05e-07
onkel,1.05e-07
jubel,1.02e-07
thuja,1.02e-07
weegs,1.02e-07
plens,1.02e-07
lorre,1.02e-07
biopt,1.02e-07
guave,1.02e-07
vlerk,1.02e-07
knook,1e-07
mudde,1e-07
punky,1e-07
cokes,1e-07
azuur,1e-07
gilet,1e-07
washi,9.77e-08
vroon,9.77e-08
krijs,9.77e-08
reins,9.77e-08
poken,9.55e-08
kendo,9.55e-08
vedel,9.33e-08
kreuk,9.33e-08
ploos,9.33e-08
kroep,9.33e-08
moven,9.33e-08
lutje,9.33e-08
ontij,9.33e-08
caput,9.33e-08
vaars,9.33e-08
nimby,9.33e-08
braad,9.33e-08
apsis,9.12e-08
slomp,9.12e-08
crypt,9.12e-08
eider,9.12e-08
gnoom,9.12e-08
sabra,9.12e-08
knauw,9.12e-08
spast,8.91e-08
zedig,8.91e-08
papje,8.91e-08
telco,8.91e-08
chose,8.91e-08
tanen,8.71e-08
stool,8.71e-08
bodes,8.71e-08
doder,8.51e-08
talib,8.51e-08
oneer,8.51e-08
reven,8.51e-08
volte,8.51e-08
kriel,8.51e-08
nemer,8.51e-08
ampel,8.32e-08
alras,8.32e-08
scheg,8.32e-08
rakel,8.32e-08
borax,8.32e-08
karos,8.32e-08
camee,8.32e-08
ulcus,8.13e-08
botel,8.13e-08
arren,7.94e-08
trema,7.94e-08
snood,7.94e-08
batig,7.94e-08
pegel,7.94e-08
slonk,7.76e-08
jofel,7.76e-08
sjees,7.76e-08
harst,7.76e-08
sibbe,7.76e-08
vleug,7.76e-08
etser,7.76e-08
praam,7.76e-08
citer,7.76e-08
reien,7.76e-08
gagel,7.76e-08
krach,7.76e-08
stulp,7.76e-08
chimp,7.76e-08
rapte,7.59e-08
voord,7.59e-08
sjako,7.59e-08
wrake,7.59e-08
sepot,7.59e-08
farad,7.59e-08
vraat,7.41e-08
putse,7.41e-08
keure,7.41e-08
surah,7.41e-08
haler,7.41e-08
potas,7.41e-08
seder,7.24e-08
gelik,7.24e-08
hesen,7.24e-08
gesis,7.24e-08
sitar,7.24e-08
agape,7.08e-08
mulch,7.08e-08
rozig,7.08e-08
snauw,7.08e-08
redox,6.92e-08
kogge,6.92e-08
kuier,6.92e-08
geduw,6.92e-08
roten,6.92e-08
vreze,6.92e-08
bapao,6.92e-08
kluft,6.76e-08
gerei,6.76e-08
skeet,6.76e-08
rebbe,6.76e-08
heros,6.76e-08
kluut,6.76e-08
aloud,6.61e-08
dyade,6.61e-08
scart,6.61e-08
repro,6.61e-08
japen,6.61e-08
hymen,6.61e-08
prion,6.61e-08
amant,6.46e-08
ribes,6.46e-08
berin,6.46e-08
hosta,6.46e-08
kapok,6.46e-08
opleg,6.31e-08
spouw,6.31e-08
ramin,6.31e-08
stins,6.31e-08
prove,6.17e-08
obees,6.17e-08
bogie,6.17e-08
besje,6.17e-08
kepie,6.17e-08
paddo,6.17e-08
fecit,6.03e-08
votum,6.03e-08
fatum,6.03e-08
suave,6.03e-08
vlijm,6.03e-08
sprot,6.03e-08
togen,6.03e-08
bilan,5.89e-08
prauw,5.89e-08
wulps,5.89e-08
halma,5.89e-08
javel,5.75e-08
buiig,5.75e-08
bagno,5.75e-08
nadar,5.75e-08
exces,5.75e-08
melen,5.75e-08
teeuw,5.75e-08
spruw,5.62e-08
liman,5.62e-08
etude,5.62e-08
honen,5.5e-08
atten,5.5e-08
kefir,5.5e-08
betel,5.5e-08
pedis,5.5e-08
vroem,5.5e-08
mulat,5.5e-08
cijns,5.37e-08
jolig,5.37e-08
honds,5.37e-08
slaak,5.37e-08
bacil,5.37e-08
gamay,5.37e-08
kazak,5.37e-08
netel,5.37e-08
zwenk,5.37e-08
gelee,5.25e-08
hypen,5.25e-08
genet,5.25e-08
tonus,5.25e-08
heiig,5.25e-08
beits,5.13e-08
salet,5.13e-08
tarra,5.13e-08
agens,5.13e-08
pitte,5.13e-08
bozig,5.13e-08
broei,5.13e-08
kovel,5.01e-08
sloef,5.01e-08
eject,4.9e-08
padie,4.9e-08
kalen,4.9e-08
ergon,4.9e-08
prune,4.9e-08
amorf,4.9e-08
spijl,4.79e-08
benig,4.79e-08
corgi,4.79e-08
sumak,4.79e-08
groos,4.79e-08
nurks,4.79e-08
repel,4.79e-08
bilge,4.79e-08
maler,4.79e-08
inlay,4.79e-08
faden,4.68e-08
trafo,4.68e-08
gazen,4.68e-08
smout,4.68e-08
mikwe,4.68e-08
kadee,4.68e-08
grein,4.68e-08
balts,4.68e-08
flard,4.68e-08
zwans,4.68e-08
snoes,4.68e-08
anion,4.68e-08
stuip,4.57e-08
secco,4.57e-08
gewis,4.57e-08
nikab,4.57e-08
oculi,4.57e-08
kwant,4.57e-08
henen,4.47e-08
lamel,4.47e-08
kasba,4.47e-08
velum,4.47e-08
lavas,4.47e-08
odeur,4.47e-08
schee,4.47e-08
kawai,4.47e-08
vents,4.47e-08
biels,4.47e-08
bahco,4.37e-08
malie,4.37e-08
krimi,4.37e-08
biets,4.37e-08
oempa,4.37e-08
nopen,4.37e-08
droes,4.37e-08
topos,4.27e-08
keton,4.27e-08
mande,4.27e-08
pront,4.27e-08
kelim,4.27e-08
nolle,4.27e-08
gojim,4.27e-08
blees,4.17e-08
toddy,4.17e-08
facta,4.17e-08
tuien,4.17e-08
opaak,4.17e-08
lento,4.17e-08
cadre,4.17e-08
troel,4.17e-08
hihat,4.17e-08
sulky,4.07e-08
meson,4.07e-08
beier,4.07e-08
ohmse,4.07e-08
beier,4.07e-08
snoot,3.98e-08
affix,3.98e-08
silex,3.98e-08
ruche,3.98e-08
potig,3.98e-08
actio,3.98e-08
aleer,3.98e-08
amice,3.89e-08
keven,3.89e-08
echec,3.89e-08
zwerk,3.89e-08
kodde,3.8e-08
rivet,3.8e-08
necro,3.72e-08
brems,3.72e-08
kuist,3.72e-08
kaard,3.72e-08
snaak,3.72e-08
pyrex,3.63e-08
bigot,3.63e-08
noria,3.63e-08
matse,3.63e-08
koket,3.63e-08
hevea,3.55e-08
stiet,3.55e-08
titer,3.55e-08
epiek,3.55e-08
prang,3.55e-08
ribbe,3.55e-08
pingo,3.55e-08
kauri,3.47e-08
vrank,3.47e-08
zaaks,3.47e-08
cauda,3.47e-08
bucht,3.47e-08
laaie,3.47e-08
linze,3.47e-08
abeel,3.47e-08
slons,3.47e-08
folky,3.47e-08
logee,3.39e-08
risee,3.39e-08
temer,3.39e-08
zemel,3.39e-08
brasa,3.39e-08
zeken,3.39e-08
wiers,3.39e-08
duist,3.39e-08
kalis,3.39e-08
reten,3.31e-08
gaper,3.31e-08
pubis,3.31e-08
braai,3.24e-08
tabla,3.24e-08
jeton,3.24e-08
apert,3.24e-08
daver,3.16e-08
zwelg,3.16e-08
whist,3.16e-08
popel,3.16e-08
kebon,3.16e-08
tenge,3.16e-08
riyal,3.16e-08
schup,3.09e-08
dolma,3.09e-08
ramsj,3.09e-08
smook,3.09e-08
medoc,3.09e-08
kruim,3.09e-08
breve,3.02e-08
kieuw,3.02e-08
civet,3.02e-08
tijen,3.02e-08
hysop,3.02e-08
paret,3.02e-08
rafel,2.95e-08
stelp,2.95e-08
docht,2.95e-08
tiend,2.95e-08
gries,2.95e-08
hopje,2.88e-08
floep,2.88e-08
fluim,2.88e-08
gezon,2.88e-08
ulaan,2.88e-08
hieuw,2.88e-08
paaps,2.82e-08
wener,2.82e-08
buten,2.82e-08
noest,2.82e-08
wikke,2.82e-08
pilav,2.82e-08
vozen,2.82e-08
foert,2.82e-08
nesse,2.82e-08
loipe,2.75e-08
trijp,2.75e-08
puren,2.75e-08
etuis,2.75e-08
gekut,2.75e-08
gamel,2.75e-08
facit,2.75e-08
lysol,2.69e-08
falie,2.69e-08
voute,2.69e-08
garst,2.69e-08
steng,2.69e-08
gelek,2.69e-08
tract,2.69e-08
pioen,2.63e-08
papil,2.63e-08
qubit,2.63e-08
kepen,2.63e-08
solde,2.57e-08
campy,2.57e-08
bluts,2.57e-08
bronk,2.57e-08
jingo,2.57e-08
saoto,2.57e-08
gneis,2.51e-08
duwer,2.51e-08
ruwen,2.51e-08
wasem,2.51e-08
gaden,2.51e-08
bosui,2.51e-08
stras,2.51e-08
lysis,2.51e-08
pezig,2.45e-08
garve,2.45e-08
doler,2.45e-08
kemel,2.45e-08
agiel,2.45e-08
jelui,2.45e-08
atjar,2.45e-08
sjirk,2.45e-08
lenze,2.45e-08
binst,2.45e-08
cumul,2.45e-08
lurex,2.4e-08
kerks,2.4e-08
jambe,2.4e-08
negus,2.4e-08
fleer,2.34e-08
rekel,2.34e-08
aspic,2.34e-08
rijns,2.34e-08
rijns,2.34e-08
kuras,2.34e-08
luwen,2.29e-08
oeros,2.29e-08
jajem,2.24e-08
jalon,2.24e-08
keurs,2.24e-08
kroot,2.24e-08
olijk,2.19e-08
facie,2.19e-08
baboe,2.19e-08
taxon,2.19e-08
getob,2.19e-08
tahin,2.19e-08
totok,2.14e-08
ajour,2.14e-08
menie,2.14e-08
collo,2.09e-08
grijn,2.09e-08
quorn,2.04e-08
dagge,2.04e-08
vlade,2.04e-08
gerij,2.04e-08
aviso,2e-08
putto,2e-08
trens,2e-08
frats,2e-08
vaalt,2e-08
choro,2e-08
eiber,2e-08
bomer,1.95e-08
werst,1.95e-08
wakke,1.95e-08
naken,1.91e-08
kiten,1.91e-08
galon,1.91e-08
davit,1.91e-08
tulen,1.91e-08
shaky,1.91e-08
talie,1.86e-08
alver,1.86e-08
sajet,1.86e-08
pareo,1.82e-08
fiool,1.78e-08
topas,1.78e-08
ouwel,1.78e-08
gekir,1.78e-08
maner,1.74e-08
blaag,1.74e-08
griot,1.74e-08
sjahs,1.74e-08
ampex,1.74e-08
asman,1.74e-08
beril,1.7e-08
memel,1.7e-08
horig,1.7e-08
zeboe,1.66e-08
kevie,1.66e-08
spats,1.66e-08
kubbe,1.66e-08
dansi,1.66e-08
gebid,1.62e-08
taxol,1.62e-08
gepas,1.62e-08
korre,1.62e-08
avers,1.62e-08
kopra,1.58e-08
actum,1.55e-08
fundi,1.55e-08
bonze,1.55e-08
gazel,1.55e-08
sereh,1.55e-08
degel,1.51e-08
hopsa,1.51e-08
kakel,1.51e-08
griel,1.51e-08
carga,1.51e-08
otium,1.51e-08
tater,1.51e-08
gaine,1.51e-08
plurk,1.51e-08
ijker,1.48e-08
fylum,1.48e-08
sloor,1.41e-08
joego,1.41e-08
seraf,1.41e-08
fusee,1.41e-08
scrip,1.41e-08
loens,1.41e-08
asgat,1.41e-08
ketje,1.41e-08
smous,1.41e-08
taats,1.38e-08
bahai,1.38e-08
argot,1.35e-08
kabas,1.35e-08
wegel,1.32e-08
wegge,1.32e-08
ragen,1.32e-08
skaat,1.32e-08
zopie,1.29e-08
aldra,1.29e-08
mimen,1.29e-08
haker,1.29e-08
onnut,1.29e-08
agoge,1.29e-08
djati,1.29e-08
eivol,1.29e-08
tsuba,1.29e-08
terig,1.29e-08
gekus,1.29e-08
bevek,1.29e-08
tronk,1.29e-08
weeps,1.29e-08
asurn,1.29e-08
gloor,1.29e-08
gesol,1.26e-08
vroed,1.26e-08
brijn,1.26e-08
salmi,1.23e-08
gigue,1.23e-08
poter,1.2e-08
gekef,1.17e-08
elger,1.17e-08
lapel,1.17e-08
priel,1.17e-08
gesco,1.17e-08
bevak,1.17e-08
karet,1.17e-08
lavet,1.17e-08
alant,1.17e-08
slier,1.17e-08
aride,1.17e-08
abaja,1.1e-08
vendu,1.07e-08
toean,1.07e-08
chole,1.07e-08
zeste,1.07e-08
awari,1.07e-08
soesa,1.07e-08
kidde,1.07e-08
tanig,1.05e-08
nipje,1.05e-08
kepel,1.05e-08
zwoor,1.05e-08
zwamp,1.05e-08
gemet,1.05e-08
plemp,1.05e-08
wieme,1.05e-08
toges,1.05e-08
spoog,1.05e-08
webbe,1.05e-08
hanig,1.05e-08
kalot,1.02e-08
rijer,1.02e-08
jolen,0.0
tafia,0.0
jalap,0.0
toste,0.0
caban,0.0
agame,0.0
loken,0.0
opart,0.0
gehol,0.0
vulgo,0.0
tarok,0.0
gemot,0.0
blein,0.0
gegak,0.0
meluw,0.0
forto,0.0
bomig,0.0
geram,0.0
chijl,0.0
kegge,0.0
boede,0.0
farde,0.0
smalt,0.0
tiaar,0.0
tezen,0.0
krees,0.0
gehop,0.0
swipi,0.0
aroom,0.0
buret,0.0
magot,0.0
gomma,0.0
amict,0.0
skald,0.0
sirih,0.0
agoog,0.0
karot,0.0
motse,0.0
voois,0.0
akant,0.0
slemp,0.0
uilig,0.0
porem,0.0
vamen,0.0
gaffe,0.0
ojief,0.0
beaat,0.0
hyfen,0.0
krauw,0.0
zambo,0.0
ginst,0.0
garoe,0.0
nuken,0.0
herig,0.0
oribi,0.0
gelal,0.0
latuw,0.0
judex,0.0
bavet,0.0
treef,0.0
awara,0.0
ogief,0.0
temet,0.0
hamei,0.0
vaats,0.0
mufte,0.0
makam,0.0
gebal,0.0
zenen,0.0
tinas,0.0
geruk,0.0
gonje,0.0
joken,0.0
temen,0.0
ecart,0.0
cedel,0.0
gepuf,0.0
shoyu,0.0
pelen,0.0
chape,0.0
nonet,0.0
heffe,0.0
codon,0.0
cunet,0.0
kalig,0.0
gerel,0.0
wepel,0.0
reeuw,0.0
knorf,0.0
teers,0.0
euzie,0.0
kwats,0.0
kulas,0.0
kaffa,0.0
gejou,0.0
kween,0.0
rekke,0.0
majem,0.0
peies,0.0
inwit,0.0
snees,0.0
elpen,0.0
nebbe,0.0
pijne,0.0
heier,0.0
almee,0.0
bisam,0.0
lumme,0.0
pluut,0.0
triep,0.0
zijig,0.0
frust,0.0
hyven,0.0
busbo,0.0
alaam,0.0
jijen,0.0
lomig,0.0
pleet,0.0
zeper,0.0
gabbe,0.0
mimer,0.0
terne,0.0
wigge,0.0
zwilk,0.0
peluw,0.0
pruil,0.0
oblie,0.0
ethyn,0.0
gepak,0.0
alsnu,0.0
burin,0.0
krapa,0.0
kloef,0.0
alkyn,0.0
azuki,0.0
keker,0.0
educt,0.0
alree,0.0
addax,0.0
ruide,0.0
poger,0.0
obool,0.0
aspot,0.0
lokus,0.0
omrit,0.0
oenig,0.0
aasje,0.0
thyrs,0.0
zemig,0.0
harre,0.0
recul,0.0
keuen,0.0
zenig,0.0
ploot,0.0
gedek,0.0
einze,0.0
staag,0.0
haagt,0.0
vitse,0.0
clave,0.0
dyogo,0.0
druus,0.0
negge,0.0
panen,0.0
vezen,0.0
knier,0.0
vliem,0.0
valig,0.0
klats,0.0
teems,0.0
ponem,0.0
eggig,0.0
vlood,0.0
sprik,0.0
jiven,0.0
eiker,0.0
vlaak,0.0
showy,0.0
ramee,0.0
spahi,0.0
mikwa,0.0
caret,0.0
odium,0.0
camjo,0.0
kleun,0.0
kimme,0.0
balba,0.0
zwade,0.0
nepen,0.0
sicav,0.0
babok,0.0
askar,0.0
dovig,0.0
afbod,0.0
teloh,0.0
twijn,0.0
gorig,0.0
nazin,0.0
gerem,0.0
piepa,0.0
kopal,0.0
kwelm,0.0
meien,0.0
kevel,0.0
omkat,0.0
renet,0.0
luien,0.0
veine,0.0
genst,0.0
vlouw,0.0
ticje,0.0
sylfe,0.0
onwis,0.0
gerol,0.0
retor,0.0
lamet,0.0
bejag,0.0
vemen,0.0
klooi,0.0
femel,0.0
jabot,0.0
zanik,0.0
echel,0.0
tiras,0.0
malve,0.0
egard,0.0
berst,0.0
inren,0.0
zwalp,0.0
sliet,0.0
geluw,0.0
rakia,0.0
spaat,0.0
opril,0.0
dager,0.0
nabob,0.0
jouen,0.0
waven,0.0
omzeg,0.0
parwa,0.0
gogme,0.0
smeue,0.0
gejij,0.0
veest,0.0
bamis,0.0
slorp,0.0
kazer,0.0
zopen,0.0
gemok,0.0
pacen,0.0
indom,0.0
pangi,0.0
onnet,0.0
gloop,0.0
pozen,0.0
zepig,0.0
hoeri,0.0
breel,0.0
schro,0.0
geoha,0.0
venig,0.0
kamig,0.0
ruwte,0.0
koine,0.0
gibus,0.0
dunte,0.0
uraan,0.0
deern,0.0
bijas,0.0
inlas,0.0
krats,0.0
urmen,0.0
immes,0.0
zwing,0.0
gekap,0.0
hapax,0.0
iebel,0.0
treem,0.0
gebbe,0.0
wessi,0.0
trijs,0.0
sappe,0.0
keyen,0.0
snoge,0.0
klove,0.0
xeres,0.0
sinjo,0.0
floer,0.0
realo,0.0
gleis,0.0
ropij,0.0
amsoi,0.0
molik,0.0
pedel,0.0
kaker,0.0
etnie,0.0
kwips,0.0
neren,0.0
stuik,0.0
botaf,0.0
gehos,0.0
dawet,0.0
schab,0.0
pikol,0.0
sluif,0.0
fielt,0.0
kobbe,0.0
klaaf,0.0
druil,0.0
domig,0.0
ingot,0.0
treil,0.0
dolik,0.0
ijzen,0.0
emelt,0.0
omina,0.0
shogi,0.0
emmes,0.0
nawee,0.0
jubee,0.0
ongel,0.0
dogla,0.0
fichu,0.0
dulia,0.0
